CREATE DATABASE  IF NOT EXISTS `sistema_examen_spring_boot` /*!40100 DEFAULT CHARACTER SET utf8mb4 COLLATE utf8mb4_0900_ai_ci */ /*!80016 DEFAULT ENCRYPTION='N' */;
USE `sistema_examen_spring_boot`;
-- MySQL dump 10.13  Distrib 8.0.22, for Win64 (x86_64)
--
-- Host: localhost    Database: sistema_examen_spring_boot
-- ------------------------------------------------------
-- Server version	8.0.22

/*!40101 SET @OLD_CHARACTER_SET_CLIENT=@@CHARACTER_SET_CLIENT */;
/*!40101 SET @OLD_CHARACTER_SET_RESULTS=@@CHARACTER_SET_RESULTS */;
/*!40101 SET @OLD_COLLATION_CONNECTION=@@COLLATION_CONNECTION */;
/*!50503 SET NAMES utf8 */;
/*!40103 SET @OLD_TIME_ZONE=@@TIME_ZONE */;
/*!40103 SET TIME_ZONE='+00:00' */;
/*!40014 SET @OLD_UNIQUE_CHECKS=@@UNIQUE_CHECKS, UNIQUE_CHECKS=0 */;
/*!40014 SET @OLD_FOREIGN_KEY_CHECKS=@@FOREIGN_KEY_CHECKS, FOREIGN_KEY_CHECKS=0 */;
/*!40101 SET @OLD_SQL_MODE=@@SQL_MODE, SQL_MODE='NO_AUTO_VALUE_ON_ZERO' */;
/*!40111 SET @OLD_SQL_NOTES=@@SQL_NOTES, SQL_NOTES=0 */;

--
-- Table structure for table `roles`
--

DROP TABLE IF EXISTS `roles`;
/*!40101 SET @saved_cs_client     = @@character_set_client */;
/*!50503 SET character_set_client = utf8mb4 */;
CREATE TABLE `roles` (
  `rol_id` bigint NOT NULL,
  `nombre` varchar(255) DEFAULT NULL,
  PRIMARY KEY (`rol_id`)
) ENGINE=InnoDB DEFAULT CHARSET=utf8mb4 COLLATE=utf8mb4_0900_ai_ci;
/*!40101 SET character_set_client = @saved_cs_client */;

--
-- Dumping data for table `roles`
--

LOCK TABLES `roles` WRITE;
/*!40000 ALTER TABLE `roles` DISABLE KEYS */;
INSERT INTO `roles` VALUES (1,'ADMIN'),(2,'NORMAL');
/*!40000 ALTER TABLE `roles` ENABLE KEYS */;
UNLOCK TABLES;

--
-- Table structure for table `usuario_rol`
--

DROP TABLE IF EXISTS `usuario_rol`;
/*!40101 SET @saved_cs_client     = @@character_set_client */;
/*!50503 SET character_set_client = utf8mb4 */;
CREATE TABLE `usuario_rol` (
  `usuario_rol_id` bigint NOT NULL AUTO_INCREMENT,
  `rol_rol_id` bigint DEFAULT NULL,
  `usuario_id` bigint DEFAULT NULL,
  PRIMARY KEY (`usuario_rol_id`),
  KEY `FK7j1tyvjj1tv8gbq7n6f7efccc` (`rol_rol_id`),
  KEY `FKktsemf1f6awjww4da0ocv4n32` (`usuario_id`),
  CONSTRAINT `FK7j1tyvjj1tv8gbq7n6f7efccc` FOREIGN KEY (`rol_rol_id`) REFERENCES `roles` (`rol_id`),
  CONSTRAINT `FKktsemf1f6awjww4da0ocv4n32` FOREIGN KEY (`usuario_id`) REFERENCES `usuarios` (`id`)
) ENGINE=InnoDB AUTO_INCREMENT=5 DEFAULT CHARSET=utf8mb4 COLLATE=utf8mb4_0900_ai_ci;
/*!40101 SET character_set_client = @saved_cs_client */;

--
-- Dumping data for table `usuario_rol`
--

LOCK TABLES `usuario_rol` WRITE;
/*!40000 ALTER TABLE `usuario_rol` DISABLE KEYS */;
INSERT INTO `usuario_rol` VALUES (1,1,1),(2,2,6),(3,2,7),(4,2,8);
/*!40000 ALTER TABLE `usuario_rol` ENABLE KEYS */;
UNLOCK TABLES;

--
-- Table structure for table `usuarios`
--

DROP TABLE IF EXISTS `usuarios`;
/*!40101 SET @saved_cs_client     = @@character_set_client */;
/*!50503 SET character_set_client = utf8mb4 */;
CREATE TABLE `usuarios` (
  `id` bigint NOT NULL AUTO_INCREMENT,
  `apellidos` varchar(255) DEFAULT NULL,
  `email` varchar(255) DEFAULT NULL,
  `enabled` bit(1) NOT NULL,
  `nombre` varchar(255) DEFAULT NULL,
  `password` varchar(255) DEFAULT NULL,
  `perfil` varchar(255) DEFAULT NULL,
  `telefono` varchar(255) DEFAULT NULL,
  `username` varchar(255) DEFAULT NULL,
  PRIMARY KEY (`id`)
) ENGINE=InnoDB AUTO_INCREMENT=9 DEFAULT CHARSET=utf8mb4 COLLATE=utf8mb4_0900_ai_ci;
/*!40101 SET character_set_client = @saved_cs_client */;

--
-- Dumping data for table `usuarios`
--

LOCK TABLES `usuarios` WRITE;
/*!40000 ALTER TABLE `usuarios` DISABLE KEYS */;
INSERT INTO `usuarios` VALUES (1,'Antunez','antunezmartin@outlook.com',_binary '','Martin','$2a$10$n1dvYbf9u.gkAehV837rzull01WUmrXLXa18xovYORiF3SG2LIEUO','foto.png','940303627','mantunez'),(3,NULL,'',_binary '','Yoel','123456','default.png','948484848','yoel'),(4,NULL,'mesi@hotmail.com',_binary '','mesi ','789456','default.png','784859858','mesi'),(5,'Ronaldo','martin_1190@gmail.com',_binary '','Cristiano','159789','default.png','948596599','cr7'),(6,'ramirez','ram@gmail.com',_binary '','daynerys','123456','default.png','6448486565','daynerys'),(7,'messi','m@hotmail.com',_binary '','leoner','7852659','default.png','415545454','leo'),(8,'drogo','kdrogo@hotmail.com',_binary '','kal','$2a$10$n1dvYbf9u.gkAehV837rzull01WUmrXLXa18xovYORiF3SG2LIEUO','default.png','78548545','kal');
/*!40000 ALTER TABLE `usuarios` ENABLE KEYS */;
UNLOCK TABLES;
/*!40103 SET TIME_ZONE=@OLD_TIME_ZONE */;

/*!40101 SET SQL_MODE=@OLD_SQL_MODE */;
/*!40014 SET FOREIGN_KEY_CHECKS=@OLD_FOREIGN_KEY_CHECKS */;
/*!40014 SET UNIQUE_CHECKS=@OLD_UNIQUE_CHECKS */;
/*!40101 SET CHARACTER_SET_CLIENT=@OLD_CHARACTER_SET_CLIENT */;
/*!40101 SET CHARACTER_SET_RESULTS=@OLD_CHARACTER_SET_RESULTS */;
/*!40101 SET COLLATION_CONNECTION=@OLD_COLLATION_CONNECTION */;
/*!40111 SET SQL_NOTES=@OLD_SQL_NOTES */;

-- Dump completed on 2023-01-12  0:08:45
